<?xml version="1.0" encoding="UTF-8"?>
<GenRun Id="impl_1" LaunchPart="xc7a35tcsg324-1" LaunchTime="1760101863">
  <File Type="BITSTR-BMM" Name="TwoBitAdder_bd.bmm"/>
  <File Type="ROUTE-PWR" Name="TwoBitAdder_power_routed.rpt"/>
  <File Type="PA-TCL" Name="TwoBitAdder.tcl"/>
  <File Type="OPT-DCP" Name="TwoBitAdder_opt.dcp"/>
  <File Type="ROUTE-PWR-SUM" Name="TwoBitAdder_power_summary_routed.pb"/>
  <File Type="REPORTS-TCL" Name="TwoBitAdder_reports.tcl"/>
  <File Type="OPT-DRC" Name="TwoBitAdder_drc_opted.rpt"/>
  <File Type="OPT-HWDEF" Name="TwoBitAdder.hwdef"/>
  <File Type="PWROPT-DCP" Name="TwoBitAdder_pwropt.dcp"/>
  <File Type="PLACE-DCP" Name="TwoBitAdder_placed.dcp"/>
  <File Type="PLACE-IO" Name="TwoBitAdder_io_placed.rpt"/>
  <File Type="PLACE-UTIL" Name="TwoBitAdder_utilization_placed.rpt"/>
  <File Type="PLACE-UTIL-PB" Name="TwoBitAdder_utilization_placed.pb"/>
  <File Type="PLACE-CTRL" Name="TwoBitAdder_control_sets_placed.rpt"/>
  <File Type="PLACE-PRE-SIMILARITY" Name="TwoBitAdder_incremental_reuse_pre_placed.rpt"/>
  <File Type="BG-BGN" Name="TwoBitAdder.bgn"/>
  <File Type="POSTPLACE-PWROPT-DCP" Name="TwoBitAdder_postplace_pwropt.dcp"/>
  <File Type="BG-BIN" Name="TwoBitAdder.bin"/>
  <File Type="PHYSOPT-DCP" Name="TwoBitAdder_physopt.dcp"/>
  <File Type="BITSTR-MSK" Name="TwoBitAdder.msk"/>
  <File Type="ROUTE-ERROR-DCP" Name="TwoBitAdder_routed_error.dcp"/>
  <File Type="ROUTE-DCP" Name="TwoBitAdder_routed.dcp"/>
  <File Type="ROUTE-BLACKBOX-DCP" Name="TwoBitAdder_routed_bb.dcp"/>
  <File Type="ROUTE-DRC" Name="TwoBitAdder_drc_routed.rpt"/>
  <File Type="ROUTE-DRC-PB" Name="TwoBitAdder_drc_routed.pb"/>
  <File Type="BITSTR-LTX" Name="TwoBitAdder.ltx"/>
  <File Type="ROUTE-DRC-RPX" Name="TwoBitAdder_drc_routed.rpx"/>
  <File Type="BITSTR-MMI" Name="TwoBitAdder.mmi"/>
  <File Type="ROUTE-METHODOLOGY-DRC" Name="TwoBitAdder_methodology_drc_routed.rpt"/>
  <File Type="ROUTE-METHODOLOGY-DRC-RPX" Name="TwoBitAdder_methodology_drc_routed.rpx"/>
  <File Type="BITSTR-SYSDEF" Name="TwoBitAdder.sysdef"/>
  <File Type="ROUTE-METHODOLOGY-DRC-PB" Name="TwoBitAdder_methodology_drc_routed.pb"/>
  <File Type="ROUTE-PWR-RPX" Name="TwoBitAdder_power_routed.rpx"/>
  <File Type="ROUTE-STATUS" Name="TwoBitAdder_route_status.rpt"/>
  <File Type="ROUTE-STATUS-PB" Name="TwoBitAdder_route_status.pb"/>
  <File Type="ROUTE-TIMINGSUMMARY" Name="TwoBitAdder_timing_summary_routed.rpt"/>
  <File Type="ROUTE-TIMING-PB" Name="TwoBitAdder_timing_summary_routed.pb"/>
  <File Type="ROUTE-TIMING-RPX" Name="TwoBitAdder_timing_summary_routed.rpx"/>
  <File Type="RDI-RDI" Name="TwoBitAdder.vdi"/>
  <File Type="ROUTE-CLK" Name="TwoBitAdder_clock_utilization_routed.rpt"/>
  <File Type="ROUTE-BUS-SKEW" Name="TwoBitAdder_bus_skew_routed.rpt"/>
  <File Type="ROUTE-BUS-SKEW-PB" Name="TwoBitAdder_bus_skew_routed.pb"/>
  <File Type="ROUTE-BUS-SKEW-RPX" Name="TwoBitAdder_bus_skew_routed.rpx"/>
  <File Type="POSTROUTE-PHYSOPT-DCP" Name="TwoBitAdder_postroute_physopt.dcp"/>
  <File Type="POSTROUTE-PHYSOPT-BLACKBOX-DCP" Name="TwoBitAdder_postroute_physopt_bb.dcp"/>
  <File Type="BG-BIT" Name="TwoBitAdder.bit"/>
  <File Type="BITSTR-RBT" Name="TwoBitAdder.rbt"/>
  <File Type="BITSTR-NKY" Name="TwoBitAdder.nky"/>
  <File Type="BG-DRC" Name="TwoBitAdder.drc"/>
  <File Type="WBT-USG" Name="usage_statistics_webtalk.html"/>
  <FileSet Name="sources" Type="DesignSrcs" RelSrcDir="$PSRCDIR/sources_1">
    <Filter Type="Srcs"/>
    <File Path="$PSRCDIR/sources_1/new/TwoBitAdder.v">
      <FileInfo>
        <Attr Name="UsedIn" Val="synthesis"/>
        <Attr Name="UsedIn" Val="implementation"/>
        <Attr Name="UsedIn" Val="simulation"/>
      </FileInfo>
    </File>
    <Config>
      <Option Name="DesignMode" Val="RTL"/>
      <Option Name="TopModule" Val="TwoBitAdder"/>
      <Option Name="TopAutoSet" Val="TRUE"/>
    </Config>
  </FileSet>
  <FileSet Name="constrs_in" Type="Constrs" RelSrcDir="$PSRCDIR/constrs_1">
    <Filter Type="Constrs"/>
    <Config>
      <Option Name="ConstrsType" Val="XDC"/>
    </Config>
  </FileSet>
  <FileSet Name="utils" Type="Utils" RelSrcDir="$PSRCDIR/utils_1">
    <Filter Type="Utils"/>
    <Config>
      <Option Name="TopAutoSet" Val="TRUE"/>
    </Config>
  </FileSet>
  <Strategy Version="1" Minor="2">
    <StratHandle Name="Vivado Implementation Defaults" Flow="Vivado Implementation 2018"/>
    <Step Id="init_design"/>
    <Step Id="opt_design"/>
    <Step Id="power_opt_design"/>
    <Step Id="place_design"/>
    <Step Id="post_place_power_opt_design"/>
    <Step Id="phys_opt_design"/>
    <Step Id="route_design"/>
    <Step Id="post_route_phys_opt_design"/>
    <Step Id="write_bitstream"/>
  </Strategy>
</GenRun>
