<?xml version="1.0" encoding="UTF-8"?>
<GenRun Id="impl_1" LaunchPart="xc7a35tcsg324-1" LaunchTime="1761007427">
  <File Type="BITSTR-BMM" Name="segMsg_bd.bmm"/>
  <File Type="OPT-METHODOLOGY-DRC" Name="segMsg_methodology_drc_opted.rpt"/>
  <File Type="INIT-TIMING" Name="segMsg_timing_summary_init.rpt"/>
  <File Type="ROUTE-PWR" Name="segMsg_power_routed.rpt"/>
  <File Type="PA-TCL" Name="segMsg.tcl"/>
  <File Type="OPT-TIMING" Name="segMsg_timing_summary_opted.rpt"/>
  <File Type="OPT-DCP" Name="segMsg_opt.dcp"/>
  <File Type="ROUTE-PWR-SUM" Name="segMsg_power_summary_routed.pb"/>
  <File Type="REPORTS-TCL" Name="segMsg_reports.tcl"/>
  <File Type="OPT-DRC" Name="segMsg_drc_opted.rpt"/>
  <File Type="OPT-HWDEF" Name="segMsg.hwdef"/>
  <File Type="PWROPT-DCP" Name="segMsg_pwropt.dcp"/>
  <File Type="PWROPT-DRC" Name="segMsg_drc_pwropted.rpt"/>
  <File Type="PWROPT-TIMING" Name="segMsg_timing_summary_pwropted.rpt"/>
  <File Type="PLACE-DCP" Name="segMsg_placed.dcp"/>
  <File Type="PLACE-IO" Name="segMsg_io_placed.rpt"/>
  <File Type="PLACE-CLK" Name="segMsg_clock_utilization_placed.rpt"/>
  <File Type="PLACE-UTIL" Name="segMsg_utilization_placed.rpt"/>
  <File Type="PLACE-UTIL-PB" Name="segMsg_utilization_placed.pb"/>
  <File Type="PLACE-CTRL" Name="segMsg_control_sets_placed.rpt"/>
  <File Type="PLACE-SIMILARITY" Name="segMsg_incremental_reuse_placed.rpt"/>
  <File Type="PLACE-PRE-SIMILARITY" Name="segMsg_incremental_reuse_pre_placed.rpt"/>
  <File Type="BG-BGN" Name="segMsg.bgn"/>
  <File Type="PLACE-TIMING" Name="segMsg_timing_summary_placed.rpt"/>
  <File Type="POSTPLACE-PWROPT-DCP" Name="segMsg_postplace_pwropt.dcp"/>
  <File Type="BG-BIN" Name="segMsg.bin"/>
  <File Type="POSTPLACE-PWROPT-TIMING" Name="segMsg_timing_summary_postplace_pwropted.rpt"/>
  <File Type="PHYSOPT-DCP" Name="segMsg_physopt.dcp"/>
  <File Type="PHYSOPT-DRC" Name="segMsg_drc_physopted.rpt"/>
  <File Type="BITSTR-MSK" Name="segMsg.msk"/>
  <File Type="PHYSOPT-TIMING" Name="segMsg_timing_summary_physopted.rpt"/>
  <File Type="ROUTE-ERROR-DCP" Name="segMsg_routed_error.dcp"/>
  <File Type="ROUTE-DCP" Name="segMsg_routed.dcp"/>
  <File Type="ROUTE-BLACKBOX-DCP" Name="segMsg_routed_bb.dcp"/>
  <File Type="ROUTE-DRC" Name="segMsg_drc_routed.rpt"/>
  <File Type="ROUTE-DRC-PB" Name="segMsg_drc_routed.pb"/>
  <File Type="BITSTR-LTX" Name="debug_nets.ltx"/>
  <File Type="BITSTR-LTX" Name="segMsg.ltx"/>
  <File Type="ROUTE-DRC-RPX" Name="segMsg_drc_routed.rpx"/>
  <File Type="BITSTR-MMI" Name="segMsg.mmi"/>
  <File Type="ROUTE-METHODOLOGY-DRC" Name="segMsg_methodology_drc_routed.rpt"/>
  <File Type="ROUTE-METHODOLOGY-DRC-RPX" Name="segMsg_methodology_drc_routed.rpx"/>
  <File Type="BITSTR-SYSDEF" Name="segMsg.sysdef"/>
  <File Type="ROUTE-METHODOLOGY-DRC-PB" Name="segMsg_methodology_drc_routed.pb"/>
  <File Type="ROUTE-PWR-RPX" Name="segMsg_power_routed.rpx"/>
  <File Type="ROUTE-STATUS" Name="segMsg_route_status.rpt"/>
  <File Type="ROUTE-STATUS-PB" Name="segMsg_route_status.pb"/>
  <File Type="ROUTE-TIMINGSUMMARY" Name="segMsg_timing_summary_routed.rpt"/>
  <File Type="ROUTE-TIMING-PB" Name="segMsg_timing_summary_routed.pb"/>
  <File Type="ROUTE-TIMING-RPX" Name="segMsg_timing_summary_routed.rpx"/>
  <File Type="ROUTE-SIMILARITY" Name="segMsg_incremental_reuse_routed.rpt"/>
  <File Type="ROUTE-CLK" Name="segMsg_clock_utilization_routed.rpt"/>
  <File Type="ROUTE-BUS-SKEW" Name="segMsg_bus_skew_routed.rpt"/>
  <File Type="ROUTE-BUS-SKEW-PB" Name="segMsg_bus_skew_routed.pb"/>
  <File Type="ROUTE-BUS-SKEW-RPX" Name="segMsg_bus_skew_routed.rpx"/>
  <File Type="POSTROUTE-PHYSOPT-DCP" Name="segMsg_postroute_physopt.dcp"/>
  <File Type="POSTROUTE-PHYSOPT-BLACKBOX-DCP" Name="segMsg_postroute_physopt_bb.dcp"/>
  <File Type="POSTROUTE-PHYSOPT-TIMING" Name="segMsg_timing_summary_postroute_physopted.rpt"/>
  <File Type="POSTROUTE-PHYSOPT-TIMING-PB" Name="segMsg_timing_summary_postroute_physopted.pb"/>
  <File Type="POSTROUTE-PHYSOPT-TIMING-RPX" Name="segMsg_timing_summary_postroute_physopted.rpx"/>
  <File Type="POSTROUTE-PHYSOPT-BUS-SKEW" Name="segMsg_bus_skew_postroute_physopted.rpt"/>
  <File Type="POSTROUTE-PHYSOPT-BUS-SKEW-PB" Name="segMsg_bus_skew_postroute_physopted.pb"/>
  <File Type="BG-BIT" Name="segMsg.bit"/>
  <File Type="POSTROUTE-PHYSOPT-BUS-SKEW-RPX" Name="segMsg_bus_skew_postroute_physopted.rpx"/>
  <File Type="BITSTR-RBT" Name="segMsg.rbt"/>
  <File Type="BITSTR-NKY" Name="segMsg.nky"/>
  <File Type="BG-DRC" Name="segMsg.drc"/>
  <File Type="RDI-RDI" Name="segMsg.vdi"/>
  <File Type="WBT-USG" Name="usage_statistics_webtalk.html"/>
  <FileSet Name="sources" Type="DesignSrcs" RelSrcDir="$PSRCDIR/sources_1">
    <Filter Type="Srcs"/>
    <File Path="$PSRCDIR/sources_1/new/segMsg.v">
      <FileInfo>
        <Attr Name="UsedIn" Val="synthesis"/>
        <Attr Name="UsedIn" Val="implementation"/>
        <Attr Name="UsedIn" Val="simulation"/>
      </FileInfo>
    </File>
    <Config>
      <Option Name="DesignMode" Val="RTL"/>
      <Option Name="TopModule" Val="segMsg"/>
      <Option Name="TopAutoSet" Val="TRUE"/>
    </Config>
  </FileSet>
  <FileSet Name="constrs_in" Type="Constrs" RelSrcDir="$PSRCDIR/constrs_1">
    <Filter Type="Constrs"/>
    <File Path="$PSRCDIR/constrs_1/new/1.xdc">
      <FileInfo>
        <Attr Name="UsedIn" Val="synthesis"/>
        <Attr Name="UsedIn" Val="implementation"/>
      </FileInfo>
    </File>
    <Config>
      <Option Name="TargetConstrsFile" Val="$PSRCDIR/constrs_1/new/1.xdc"/>
      <Option Name="ConstrsType" Val="XDC"/>
    </Config>
  </FileSet>
  <FileSet Name="utils" Type="Utils" RelSrcDir="$PSRCDIR/utils_1">
    <Filter Type="Utils"/>
    <Config>
      <Option Name="TopAutoSet" Val="TRUE"/>
    </Config>
  </FileSet>
  <Strategy Version="1" Minor="2">
    <StratHandle Name="Vivado Implementation Defaults" Flow="Vivado Implementation 2018"/>
    <Step Id="init_design"/>
    <Step Id="opt_design"/>
    <Step Id="power_opt_design"/>
    <Step Id="place_design"/>
    <Step Id="post_place_power_opt_design"/>
    <Step Id="phys_opt_design"/>
    <Step Id="route_design"/>
    <Step Id="post_route_phys_opt_design"/>
    <Step Id="write_bitstream"/>
  </Strategy>
</GenRun>
